{
    "objective": "regression",
    "metric": "rmse",
    "boosting_type": "gbdt",
    "learning_rate": 0.25011312672119373,
    "num_leaves": 150,
    "max_depth": 12,
    "subsample": 0.8339130223200787,
    "feature_fraction": 0.8493690503155812,
    "lambda_l1": 2.7028491206774747,
    "lambda_l2": 4.827713375995286,
    "min_data_in_leaf": 5,
    "min_gain_to_split": 0.06324509441769417,
    "device": "gpu",
    "gpu_platform_id": 0,
    "gpu_device_id": 0,
    "verbose": -1
}